{
  "info": {
    "name": "Transport + Channel Services",
    "schema": "https://schema.getpostman.com/json/collection/v2.1.0/collection.json"
  },
  "item": [
    {
      "name": "Send Message",
      "request": {
        "method": "POST",
        "header": [
          {
            "key": "Content-Type",
            "value": "application/json"
          }
        ],
        "body": {
          "mode": "raw",
          "raw": "{\n  \"username\": \"test_user\",\n  \"data\": \"Hello from Postman! This is a message for testing the transport layer.\",\n  \"sendTime\": \"2025-03-17T17:30:00Z\"\n}"
        },
        "url": {
          "raw": "http://localhost:8081/send",
          "protocol": "http",
          "host": [
            "localhost"
          ],
          "port": "8081",
          "path": [
            "send"
          ]
        }
      }
    },
    {
      "name": "Transfer Segment (Manual)",
      "request": {
        "method": "POST",
        "header": [
          {
            "key": "Content-Type",
            "value": "application/json"
          }
        ],
        "body": {
          "mode": "raw",
          "raw": "{\n  \"segmentNumber\": 1,\n  \"totalSegments\": 3,\n  \"username\": \"test_user\",\n  \"payload\": \"Hello from segment\",\n  \"sendTime\": \"2025-03-17T17:30:00Z\"\n}"
        },
        "url": {
          "raw": "http://localhost:8081/transfer",
          "protocol": "http",
          "host": [
            "localhost"
          ],
          "port": "8081",
          "path": [
            "transfer"
          ]
        }
      }
    },
    {
      "name": "Direct Call to Channel Service (Optional)",
      "request": {
        "method": "POST",
        "header": [
          {
            "key": "Content-Type",
            "value": "application/json"
          }
        ],
        "body": {
          "mode": "raw",
          "raw": "{\n  \"segmentNumber\": 1,\n  \"totalSegments\": 3,\n  \"username\": \"test_user\",\n  \"payload\": \"Hello from direct call!\",\n  \"sendTime\": \"2025-03-17T17:30:00Z\"\n}"
        },
        "url": {
          "raw": "http://localhost:8001/code",
          "protocol": "http",
          "host": [
            "localhost"
          ],
          "port": "8001",
          "path": [
            "code"
          ]
        }
      }
    },
    {
      "name": "WebSocket - Receive Messages",
      "event": [],
      "request": {
        "method": "GET",
        "header": [],
        "url": {
          "raw": "ws://localhost:8081/ws",
          "protocol": "ws",
          "host": [
            "localhost"
          ],
          "port": "8081",
          "path": [
            "ws"
          ]
        },
        "description": "WebSocket connection to receive messages from transport-service"
      }
    }
  ]
}